test-item-16	test-item-16a
test-item-17	test-item-17-abc123
`-90682	Tamarack 2-IN Pole Cap with U-bolts (box of 2)
1-AR30-10-12	Ryse Energy AIR Wind Turbine - Land / 30 series -  BREEZE / 12 volts / without Control Panel
1-AR30-10-24	Ryse Energy AIR Wind Turbine - Land / 30 series -  BREEZE / 24 volts / without Control Panel
1-AR30-10-48	Ryse Energy AIR Wind Turbine - Land / 30 series -  BREEZE / 48 volts / without Control Panel
1-AR30CP-KIT-12	Ryse Energy AIR Wind Turbine - Land / 30 series -  BREEZE / 12 volts / with Digital Control Panel
1-AR30CP-KIT-24	Ryse Energy AIR Wind Turbine - Land / 30 series -  BREEZE / 24 volts / with Digital Control Panel
1-AR30CP-KIT-48	Ryse Energy AIR Wind Turbine - Land / 30 series -  BREEZE / 48 volts / with Digital Control Panel
1-AR40-10-12	Ryse Energy AIR Wind Turbine - Land / 40 series - SILENT-X / 12 volts / without Control Panel
1-AR40-10-24	Ryse Energy AIR Wind Turbine - Land / 40 series - SILENT-X / 24 volts / without Control Panel
1-AR40-10-48	Ryse Energy AIR Wind Turbine - Land / 40 series - SILENT-X / 48 volts / without Control Panel
1-AR40CP-KIT-12	Ryse Energy AIR Wind Turbine - Land / 40 series - SILENT-X / 12 volts / with Digital Control Panel
1-AR40CP-KIT-24	Ryse Energy AIR Wind Turbine - Land / 40 series - SILENT-X / 24 volts / with Digital Control Panel
1-AR40CP-KIT-48	Ryse Energy AIR Wind Turbine - Land / 40 series - SILENT-X / 48 volts / with Digital Control Panel
1-ARBCP-KIT-12	Ryse Energy AIR Wind Turbine - Marine / 30 series -  BREEZE / 12 volts / with Digital Control Panel
1-ARBCP-KIT-24	Ryse Energy AIR Wind Turbine - Marine / 30 series -  BREEZE / 24 volts / with Digital Control Panel
1-ARBCP-KIT-48	Ryse Energy AIR Wind Turbine - Marine / 30 series -  BREEZE / 48 volts / with Digital Control Panel
1-ARBM-15-12	Ryse Energy AIR Wind Turbine - Marine / 30 series -  BREEZE / 12 volts / without Control Panel
1-ARBM-15-24	Ryse Energy AIR Wind Turbine - Marine / 30 series -  BREEZE / 24 volts / without Control Panel
1-ARBM-15-48	Ryse Energy AIR Wind Turbine - Marine / 30 series -  BREEZE / 48 volts / without Control Panel
1-ARMX-10-12	Ryse Energy AIR Wind Turbine - Land / MaX series - AIR-X / 12 volts / without Control Panel
1-ARMX-10-24	Ryse Energy AIR Wind Turbine - Land / MaX series - AIR-X / 24 volts / without Control Panel
1-ARMX-10-48	Ryse Energy AIR Wind Turbine - Land / MaX series - AIR-X / 48 volts / without Control Panel
1-ARMXCP-KIT-12	Ryse Energy AIR Wind Turbine - Land / MaX series - AIR-X / 12 volts / with Digital Control Panel
1-ARMXCP-KIT-24	Ryse Energy AIR Wind Turbine - Land / MaX series - AIR-X / 24 volts / with Digital Control Panel
1-ARMXCP-KIT-48	Ryse Energy AIR Wind Turbine - Land / MaX series - AIR-X / 48 volts / with Digital Control Panel
1-ARSM-15-12	Ryse Energy AIR Wind Turbine - Marine / 40 series - SILENT-X / 12 volts / without Control Panel
1-ARSM-15-24	Ryse Energy AIR Wind Turbine - Marine / 40 series - SILENT-X / 24 volts / without Control Panel
1-ARSM-15-48	Ryse Energy AIR Wind Turbine - Marine / 40 series - SILENT-X / 48 volts / without Control Panel
1-ARSMCP-KIT-12	Ryse Energy AIR Wind Turbine - Marine / 40 series - SILENT-X / 12 volts / with Digital Control Panel
1-ARSMCP-KIT-24	Ryse Energy AIR Wind Turbine - Marine / 40 series - SILENT-X / 24 volts / with Digital Control Panel
1-ARSMCP-KIT-48	Ryse Energy AIR Wind Turbine - Marine / 40 series - SILENT-X / 48 volts / with Digital Control Panel
1-ARXM-15-12	Ryse Energy AIR Wind Turbine - Marine / MaX series - AIR-X / 12 volts / without Control Panel
1-ARXM-15-24	Ryse Energy AIR Wind Turbine - Marine / MaX series - AIR-X / 24 volts / without Control Panel
1-ARXM-15-48	Ryse Energy AIR Wind Turbine - Marine / MaX series - AIR-X / 48 volts / without Control Panel
1-ARXMCP-KIT-12	Ryse Energy AIR Wind Turbine - Marine / MaX series - AIR-X / 12 volts / with Digital Control Panel
1-ARXMCP-KIT-24	Ryse Energy AIR Wind Turbine - Marine / MaX series - AIR-X / 24 volts / with Digital Control Panel
1-ARXMCP-KIT-48	Ryse Energy AIR Wind Turbine - Marine / MaX series - AIR-X / 48 volts / with Digital Control Panel
1-S37M-240-60-2-US	SkyStream 3.7 Marine AC Wind Turbine
1-S37M-240-60-2-US-KIT	SkyStream 3.7 Pro AC Wind Turbine w/Mounting Pole Kit
100AMP250VAC	Bussmann Fusetron Dual-Element Class Rk5 Fuses - 100AMP 250VAC
110000000000-A	Pytes V5 LiFePO4 battery pack
205-00	SCI Z- Bracket
20AMP250VAC	Bussmann Fusetron Dual-Element Class Rk5 Fuses - 20AMP 250VAC
20AMP600VAC	Bussmann Fusetron Dual-Element Class Rk5 Fuses - 20AMP 600VAC
210-00	SCI PowerMount 900-S
300-00	SCI Powermount PMR1-S
30AMP250VAC	Bussmann Fusetron Dual-Element Class Rk5 Fuses - 30AMP 250VAC
30AMP600VAC	Bussmann Fusetron Dual-Element Class Rk5 Fuses - 30AMP 600VAC
320015008	KiloVault HLX+ Replacement Parts - LED Board for 1200, 2400, 3600 HLX+
320016860	KiloVault HLX+ Replacement Parts - 1200 BMS for HLX+
320016881	KiloVault HLX+ Replacement Parts - 3600 BMS 1 (larger) for HLX+
320017011	KiloVault HLX+ Replacement Parts - 2400 BMS for HLX+
320017012	KiloVault HLX+ Replacement Parts - 3600 BMS 2 (smaller) for HLX+
40AMP250VAC	Bussmann Fusetron Dual-Element Class Rk5 Fuses - 40AMP 250VAC
40AMP600VAC	Bussmann Fusetron Dual-Element Class Rk5 Fuses - 40AMP 600VAC
50AMP250VAC	Bussmann Fusetron Dual-Element Class Rk5 Fuses - 50AMP 250VAC
511-340112-2001	Tigo TS4-A-O
60AMP250VAC	Bussmann Fusetron Dual-Element Class Rk5 Fuses - 60AMP 250VAC
66D65F1665890_10992	Distressed Dad Hat
681D0D6D8168F_8855	Solamp Power Circuit Tee - 2XL
70-0300-PGM-B	PGRM Component Parts - Pole Cap
70AMP250VAC	Bussmann Fusetron Dual-Element Class Rk5 Fuses - 70AMP 250VAC
88351	Tamarack Bulk Rails (LTL) - 1.6 Rails / 126 inch / Box of 8 / Mill
88368	Tamarack Bulk Rails (LTL) - 1.6 Rails / 126 inch / Box of 8 / Black
88375-SOLO	Tamarack Rail Splice - 1.6
88399	Tamarack Bulk Rails (LTL) - 2.3 Rails / 126 inch / Box of 8 / Mill
88405	Tamarack Bulk Rails (LTL) - 2.3 Rails / 126 inch / Box of 8 / Black
88412-SOLO	Tamarack Rail Splice - 2.3
88436-8P	Tamarack Solar Flush Mount Rail Adapter - 8-Pack
88436-SI	Tamarack Solar Flush Mount Rail Adapter - Single
88443-SOLO	Tamarack L Foot with Rail Mount - Mill
88450-Solo	Tamarack 5050 Clamp - 5050 Clamp (30mm-40mm)
88467-8 pack	Channel End Clamp - 8-pack
88467-SOLO-SI	Channel End Clamp - Single
88467Box	Channel End Clamp - 96-Pack
88511	Tamarack Bulk Rails (LTL) - 1.6 Rails / 126 inch / Pallet of 144 / Mill
88528	Tamarack Bulk Rails (LTL) - 1.6 Rails / 126 inch / Pallet of 144 / Black
88559	Tamarack Bulk Rails (LTL) - 2.3 Rails / 126 inch / Pallet of 144 / Mill
88566	Tamarack Bulk Rails (LTL) - 2.3 Rails / 126 inch / Pallet of 144 / Black
88955	Tamarack 2-IN Pipe Mount with U-Bolt (8 pk)
89556-B-SOLO	Tamarack Rail Splice - 3.1
89785	Tamarack Rectangular Base Flange
89907-Solo	Tamarack 5050 Clamp - 5050+ Clamp (35mm-46mm)
8Envy	Fortress Power  -Envy 8kW/10kW All-in-One Hybrid Home Solar Inverter - Envy 8kW Hybrid Solar Inverter
90026-SOLO	Tamarack L Foot with Rail Mount - Black
90507	Rooftop Flush Mount Kits - 8 Solar Panel Racking Kit
90514	Rooftop Flush Mount Kits - 4 Solar Panel Racking Kit
90552-US	Tamarack Bulk Rails (LTL) - 3.1 Rails / 93 inch / Pallet of 144 / Mill
90583	Tamarack Bulk Rails (LTL) - 1.6 Rails / 93 inch / Pallet of 144 / Mill
90613	Tamarack Bulk Rails (LTL) - 1.6 Rails / 93 inch / Pallet of 144 / Black
90644	Tamarack Bulk Rails (LTL) - 2.3 Rails / 93 inch / Pallet of 144 / Mill
90675	Tamarack Bulk Rails (LTL) - 2.3 Rails / 93 inch / Pallet of 144 / Black
90699	Tamarack 2-IN Swivel T-Fitting Galv Steel
90798-A	Tamarack Ground Mount Kit - 4 Solar Panels (186") / First Column (4 Pole Caps)
90804-A	Tamarack Ground Mount Kit - 4 Solar Panels (186") / Additional Column (2 Pole Caps)
90835-A	Tamarack Ground Mount Kit - 4 Solar Panels (186") / Long Span (No Pole Caps)
90927-US	Tamarack Bulk Rails (LTL) - 3.1 Rails / 70-inch / Pallet of 144 / Mill
91009	Ground Screw Foundations - 1400mm x 76mm w/ set bolts - 55" x 3" OD
91016	Ground Screw Foundations - 1600mm x 76mm w/ set bolts - 63" x 3" OD
91023	Ground Screw Foundations - 2000mm x 76mm w/ set bolts - 79" x 3" OD
91290	Rooftop Flush Mount Kits - 2 Solar Panel Racking Kit
91450-A	Tamarack Ground Mount Kit - 3 Solar Panels (140") / First Column (4 Pole Caps)
91467-A	Tamarack Ground Mount Kit - 3 Solar Panels (140") / Additional Column (2 Pole Caps)
91474-A	Tamarack Ground Mount Kit - 3 Solar Panels (140") / Long Span (No Pole Caps)
BATCABLE-10-12	Pure Copper Battery Cable Wire - 1/0 / 12" (1 ft)
BATCABLE-10-8	Pure Copper Battery Cable Wire - 1/0 / 8"
BATCABLE-20-10	Pure Copper Battery Cable Wire - 2/0 / 108" (9 ft)
BATCABLE-20-12	Pure Copper Battery Cable Wire - 2/0 / 12" (1 ft)
BATCABLE-20-12-1	Pure Copper Battery Cable Wire - 2/0 / 120" (10 ft)
BATCABLE-20-13	Pure Copper Battery Cable Wire - 2/0 / 132" (11 ft)
BATCABLE-20-14	Pure Copper Battery Cable Wire - 2/0 / 144" (12 ft)
BATCABLE-20-15	Pure Copper Battery Cable Wire - 2/0 / 156 (13 ft)
BATCABLE-20-16	Pure Copper Battery Cable Wire - 2/0 / 168 (14')
BATCABLE-20-18	Pure Copper Battery Cable Wire - 2/0 / 180" (15')
BATCABLE-20-24	Pure Copper Battery Cable Wire - 2/0 / 24" (2 ft)
BATCABLE-20-36	Pure Copper Battery Cable Wire - 2/0 / 36" (3 ft)
BATCABLE-20-48	Pure Copper Battery Cable Wire - 2/0 / 48" (4 ft)
BATCABLE-20-60	Pure Copper Battery Cable Wire - 2/0 / 60" (5 ft)
BATCABLE-20-72	Pure Copper Battery Cable Wire - 2/0 / 72" (6 ft)
BATCABLE-20-8	Pure Copper Battery Cable Wire - 2/0 / 8"
BATCABLE-20-84	Pure Copper Battery Cable Wire - 2/0 / 84" (7 ft)
BATCABLE-20-96	Pure Copper Battery Cable Wire - 2/0 / 96" (8 ft)
BATCABLE-30-10	Pure Copper Battery Cable Wire - 3/0 / 108" (9 ft)
BATCABLE-30-12	Pure Copper Battery Cable Wire - 3/0 / 12" (1 ft)
BATCABLE-30-12-1	Pure Copper Battery Cable Wire - 3/0 / 120" (10 ft)
BATCABLE-30-13	Pure Copper Battery Cable Wire - 3/0 / 132" (11 ft)
BATCABLE-30-14	Pure Copper Battery Cable Wire - 3/0 / 144" (12 ft)
BATCABLE-30-15	Pure Copper Battery Cable Wire - 3/0 / 156 (13 ft)
BATCABLE-30-16	Pure Copper Battery Cable Wire - 3/0 / 168 (14')
BATCABLE-30-18	Pure Copper Battery Cable Wire - 3/0 / 180" (15')
BATCABLE-30-24	Pure Copper Battery Cable Wire - 3/0 / 24" (2 ft)
BATCABLE-30-36	Pure Copper Battery Cable Wire - 3/0 / 36" (3 ft)
BATCABLE-30-48	Pure Copper Battery Cable Wire - 3/0 / 48" (4 ft)
BATCABLE-30-60	Pure Copper Battery Cable Wire - 3/0 / 60" (5 ft)
BATCABLE-30-72	Pure Copper Battery Cable Wire - 3/0 / 72" (6 ft)
BATCABLE-30-8	Pure Copper Battery Cable Wire - 3/0 / 8"
BATCABLE-30-84	Pure Copper Battery Cable Wire - 3/0 / 84" (7 ft)
BATCABLE-30-96	Pure Copper Battery Cable Wire - 3/0 / 96" (8 ft)
BATCABLE-40-10	Pure Copper Battery Cable Wire - 4/0 / 108" (9 ft)
BATCABLE-40-12	Pure Copper Battery Cable Wire - 4/0 / 12" (1 ft)
BATCABLE-40-12-1	Pure Copper Battery Cable Wire - 4/0 / 120" (10 ft)
BATCABLE-40-13	Pure Copper Battery Cable Wire - 4/0 / 132" (11 ft)
BATCABLE-40-14	Pure Copper Battery Cable Wire - 4/0 / 144" (12 ft)
BATCABLE-40-15	Pure Copper Battery Cable Wire - 4/0 / 156 (13 ft)
BATCABLE-40-16	Pure Copper Battery Cable Wire - 4/0 / 168 (14')
BATCABLE-40-18	Pure Copper Battery Cable Wire - 4/0 / 180" (15')
BATCABLE-40-24	Pure Copper Battery Cable Wire - 4/0 / 24" (2 ft)
BATCABLE-40-36	Pure Copper Battery Cable Wire - 4/0 / 36" (3 ft)
BATCABLE-40-48	Pure Copper Battery Cable Wire - 4/0 / 48" (4 ft)
BATCABLE-40-60	Pure Copper Battery Cable Wire - 4/0 / 60" (5 ft)
BATCABLE-40-72	Pure Copper Battery Cable Wire - 4/0 / 72" (6 ft)
BATCABLE-40-8	Pure Copper Battery Cable Wire - 4/0 / 8"
BATCABLE-40-84	Pure Copper Battery Cable Wire - 4/0 / 84" (7 ft)
BATCABLE-40-96	Pure Copper Battery Cable Wire - 4/0 / 96" (8 ft)
BATTERY ENCLOSUREKEY	Battery Enclosures - BATTERY ENCLOSUREKEY
BCW-AWG6	6AWG Bare Copper Wire
BIBS43	Burndy BIBS4-3 Multiple Wire Terminal
BIT04	Burndy Insulated Multitap Connector
BUSBAR400AMP8XM10RB	400amp Copper Bus Bar - 4x M10 Positive and 4x M10 Negative
CA302R	Delta Lighting Arrestor - CA302R
CableLoc	CableLoc Wire Management
CAT5E600V	Communication Cable for Tigo, Sol-ark, CAT 5e, 600v 90c USE-2 Sunlight Resistant UL-444
CLASSIC150	Classic MPPT Charge Controller - 150 / Normal
CLASSIC150SL	Classic MPPT Charge Controller - 150 / Solar Only
CLASSIC200	Classic MPPT Charge Controller - 200 / Normal
CLASSIC200SL	Classic MPPT Charge Controller - 200 / Solar Only
CLASSIC250	Classic MPPT Charge Controller - 250 / Normal
CLASSIC250SL	Classic MPPT Charge Controller - 250 / Solar Only
CorruBracket	CorruBracket
CorruBracket 100T	CorruBracket 100T
CWT410WP	410w Bifacial Perc Monocrystalline Solar Panel from CW Energy
CWT545WP	545w 550w Bifacial Perc Monocrystalline Solar Panel from CW Energy - 545w
CWT550WP	545w 550w Bifacial Perc Monocrystalline Solar Panel from CW Energy - 550w
DC-1000-KIT	Samlex Inverter Installation Kit - 100
DC-1000-KIT-30	Samlex Inverter Installation Kit - 300-XL
DC-1000-KIT-40	Samlex Inverter Installation Kit - 400
DC-2000-KIT	Samlex Inverter Installation Kit - 200
DC-2500-KIT	Samlex Inverter Installation Kit - 300
DEYE- GE-F60	Deye GE-F60 IP55 Outdoor 61kWh
DEYE-BOS-G-40	Deye BOS-G IP-20 Indoor High Voltage HV Batteries - BOS-G60（61.44kWh) IP20 Indoor
DEYE-BOS-G-61	Deye BOS-G IP-20 Indoor High Voltage HV Batteries - BOS-G40（40.96kWh) IP20 Indoor
DEYE-BOS-G-SO	Deye BOS-G IP-20 Indoor High Voltage HV Batteries - Sol-Ark 30K-3P-208V + (1) BOS-G40（40.8KWH)  Bundle
DEYE-BOS-G-SO-1	Deye BOS-G IP-20 Indoor High Voltage HV Batteries - Sol-Ark 60K-3P-480V + (1) BOS-G60（61.44KWH)  + Transformer Bundle
DIN-1	Morningstar Controller Accessories - DIN-1
DLS-12V-75A/120V	Iota Engineering DLS Power Converter and Battery Charger - 12V DC @ 75 Amps
DLS-12V-90A/120V	Iota Engineering DLS Power Converter and Battery Charger - 12V DC @ 90 Amps
DLS-27V-40A/120V	Iota Engineering DLS Power Converter and Battery Charger - 24v @ 40 Amps
DLS-54V-13A	Iota Engineering DLS Power Converter and Battery Charger - 48v @ 13 Amps
DLS/M-12V-15A/120V	Iota Engineering DLS Power Converter and Battery Charger - 12V DC @ 15 Amps
DLS/M-12V-30A/120V	Iota Engineering DLS Power Converter and Battery Charger - 12V DC @ 30 Amps
DLS/M-12V-45A/120V	Iota Engineering DLS Power Converter and Battery Charger - 12V DC @ 45 Amps
DLS/M-12V-55A/120V	Iota Engineering DLS Power Converter and Battery Charger - 12V DC @ 55 Amps
DLS/M-27V-15A/120V	Iota Engineering DLS Power Converter and Battery Charger - 24v @ 15 Amps
DLS/M-27V-25A/120V	Iota Engineering DLS Power Converter and Battery Charger - 24v @ 25 Amps
E-Box-48100R	E-Box-48100R LiFePO4 battery pack
EBL15VAA	Rechargeable AA Lithium Batteries - 8 Pack with Charger
eBoost eWay LITE	Fortress Power eWay for eBoost 16kW - eWay Lite
eBoost eWay-EW	Fortress Power eWay for eBoost 16kW - eWay
eForce eWay and Base	Fortress Power eForce eWay & Base
eForce Wallmount Bracket	Fortress Power eForce Wallmount Bracket
EMC-1	Morningstar Controller Accessories - EMC-1
Envy-Duo-21	Fortress Power Envy Duo 21 Inverter
Envy10	Fortress Power  -Envy 8kW/10kW All-in-One Hybrid Home Solar Inverter - Envy 10kW Hybrid Solar Inverter
Envy12	Fortress Power Envy True 12kW All-In-One Hybrid Inverter
eVault Max	Fortress Power eVault MAX 18.5 kWh
F1270BL	Chem Link M-1 Structural Adhesive/Sealant, Black
FP-eflex MAX	Fortress Power eFlex MAX 5.4 kW
GENSR-12	Strain Relief - 1/2" 2 hole
GENSR-12-1	Strain Relief - 1/2" 1 hole
GENSR-34	Strain Relief - 3/4" 1 hole
GFPD-150v	Morningstar Controller Accessories - GFPD-150V
GFPD-600v	Morningstar Controller Accessories - GFPD-600V
GripClip	GripClip Wire Management
GS-MPPT-100M-200V	GenStar MPPT Charge Controller - 100 amp
GS-MPPT-60M-200V	GenStar MPPT Charge Controller - 60 amp
GS-MPPT-80M-200V	GenStar MPPT Charge Controller - 80 amp
Guardian	Fortress Power Guardian Monitoring Tool
HANGER-BOLT-M10-1.5X200	Hanger Bolt
HUB-1	Morningstar Controller Accessories - HUB-1
JB-JB	Ultimate PV Junction Box - JB-1.2
JB-JB-1	Ultimate PV Junction Box - JB-1.XL
JB-JB-1-1	Ultimate PV Junction Box - JB-2
JB-JB-1-1-1	Ultimate PV Junction Box - JB-3
KLBHLXPARTS-BR	KiloVault HLX+ Replacement Parts - Bridge
KLBHLXPARTS-DE	KiloVault HLX+ Replacement Parts - DE-9 F Terminal Block
KLBHLXPARTS-HL	KiloVault HLX+ Replacement Parts - HLX 1200 Upgrade Kit
KLBHLXPARTS-HL-1	KiloVault HLX+ Replacement Parts - HLX 2400 Upgrade Kit
KLBHLXPARTS-HL-1-1	KiloVault HLX+ Replacement Parts - HLX 3600 Upgrade Kit
KLBHLXPARTS-HL-1-1-1	KiloVault HLX+ Replacement Parts - HLX+ Communications Board
LA301AC	Delta Lighting Arrestor - LA301 AC
LA302DC	Delta Lighting Arrestor - LA302 DC
LA302R	Delta Lighting Arrestor - LA302 R
LA303AC	Delta Lighting Arrestor - LA 303 AC
LA303G	Delta Lighting Arrestor - LA 303G
LA602DC	Delta Lighting Arrestor - LA 602 DC
LA603AC	Delta Lighting Arrestor - LA603 AC
LA603GAC	Delta Lighting Arrestor - LA603G AC
LEGACY-ITEM	Legacy/Deleted Item Placeholder
MAMBA-442	Mamba general duty junction box - 442+
MAMBA-443	Mamba general duty junction box - 443+
MAMBA-663	Mamba general duty junction box - 663
MAMBA-884	Mamba general duty junction box - 884
MIDMNEDC125RT	Midnite Solar MNEDC175RT  Remote Trip 175 Amp 125VDC Panel Mount  Breaker
MN1/0LBBC-BLK (Long Black)	1/0 Busbar Cover - Long / Black
MN1/0LBBC-G (Long Green)	1/0 Busbar Cover - Long / Green
MN1/0LBBC-R (Long Red)	1/0 Busbar Cover - Long / Red
MN1/0LBBC-W(Long White)	1/0 Busbar Cover - Long / White
MN1/0SBBC-BLK (Short Black)	1/0 Busbar Cover - Short / Black
MN1/0SBBC-G (Short Green)	1/0 Busbar Cover - Short / Green
MN1/0SBBC-R (Short Red)	1/0 Busbar Cover - Short / Red
MN1/0SBBC-W (Short White)	1/0 Busbar Cover - Short / White
MN1000FUSE-01	1000v 10mm X 38mm Fuses - 1
MN1000FUSE-02	1000v 10mm X 38mm Fuses - 2
MN1000FUSE-04	1000v 10mm X 38mm Fuses - 4
MN1000FUSE-06	1000v 10mm X 38mm Fuses - 6
MN1000FUSE-08	1000v 10mm X 38mm Fuses - 8
MN1000FUSE-10	1000v 10mm X 38mm Fuses - 10
MN1000FUSE-12	1000v 10mm X 38mm Fuses - 12
MN1000FUSE-15	1000v 10mm X 38mm Fuses - 15
MN1000FUSE-15-CSA	Mersen's HP10M Photovoltaic (PV) Fuse - 15
MN1000FUSE-20	1000v 10mm X 38mm Fuses - 20
MN1000FUSE-20-CSA	Mersen's HP10M Photovoltaic (PV) Fuse - 20
MN1000FUSE-30	1000v 10mm X 38mm Fuses - 30
MN1000FUSE-30-CSA	Mersen's HP10M Photovoltaic (PV) Fuse - 30
MN1000FUSE-8	Mersen's HP10M Photovoltaic (PV) Fuse - 8
MN600FUSE-06	600v 10mm X 38mm Fuses - 6 amp
MN600FUSE-07	600v 10mm X 38mm Fuses - 7 amp
MNBABYBOX	Small Breaker Boxes - Baby Box
MNBE-A	Battery Enclosures - MNBE-A
MNBE-D	Battery Enclosures - MNBE-D
MNBIGBABY	Small Breaker Boxes - Big Baby
MNDC-C-SERIES	Mini DC Disconnect - MNDC-C-SERIES
MNDC-GFP50-300	50 amp 300VDC ground fault protector din rail mount
MNDC-GFP63	63 amp 150VDC din rail mount DC ground fault protector
MNDC-GFP80	80 amp 150VDC panel mount DC ground fault protector
MNDC-XXX	Mini DC Disconnect - MNDC-XXX
MNDC125	Mini DC Disconnect - MNDC125
MNDC125PLUS	Mini DC Disconnect - MNDC125PLUS
MNDC15	Mini DC Disconnect - MNDC15
MNDC175	Mini DC Disconnect - MNDC175
MNDC175-X2	Mini DC Disconnect - MNDC175-X2
MNDC175PLUS	Mini DC Disconnect - MNDC175PLUS
MNDC250	Mini DC Disconnect - MNDC250
MNDC250-X2	Mini DC Disconnect - MNDC250-X2
MNDC250PLUS	Mini DC Disconnect - MNDC250PLUS
MNE300ROSIE-240F	Rosie - Rosie Follower E-Panel (Two Inverters)
MNE300ROSIE-240P	Rosie - Rosie E-Panel (Single Inverter)
MNE300ROSIE-240P100	Rosie - Rosie Leader E-Panel (Two Inverters)
MNEAC10	MNEAC - 10
MNEAC10QZD	MNEACQZD - 10
MNEAC15	MNEAC - 15
MNEAC15-2P	Two pole din rail mount 120/240 VAC breaker - 15
MNEAC15QZD	MNEACQZD - 15
MNEAC20	MNEAC - 20
MNEAC20-2P	Two pole din rail mount 120/240 VAC breaker - 20
MNEAC20QZD	MNEACQZD - 20
MNEAC25	MNEAC - 25
MNEAC25-2P	Two pole din rail mount 120/240 VAC breaker - 25
MNEAC25QZD-2P	MNEACQZD-2P - 25
MNEAC30	MNEAC - 30
MNEAC30-2P	Two pole din rail mount 120/240 VAC breaker - 30
MNEAC30-3P	Din Rail Mount 277VAC Triple Pole Breaker - 30
MNEAC30QZD	MNEACQZD - 30
MNEAC30QZD-2P	MNEACQZD-2P - 30
MNEAC35-2P	Two pole din rail mount 120/240 VAC breaker - 35
MNEAC40	MNEAC - 40
MNEAC40-2P	Two pole din rail mount 120/240 VAC breaker - 40
MNEAC40QZD-2P	MNEACQZD-2P - 40
MNEAC5	MNEAC - 5
MNEAC50	MNEAC - 50
MNEAC50-2P	Two pole din rail mount 120/240 VAC breaker - 50
MNEAC50-3P	Din Rail Mount 277VAC Triple Pole Breaker - 50
MNEAC50QZD	MNEACQZD - 50
MNEAC50QZD-2P	MNEACQZD-2P - 50
MNEAC60	MNEAC - 60
MNEAC60-2P	Two pole din rail mount 120/240 VAC breaker - 60
MNEAC60-3P	Din Rail Mount 277VAC Triple Pole Breaker - 60
MNEAC60QZD	MNEACQZD - 60
MNEAC60QZD-2P	MNEACQZD-2P - 60
MNEDC10	150VDC Panel Mount Breaker - 10
MNEDC100	150VDC Panel Mount Breaker - 100
MNEDC15	150VDC Panel Mount Breaker - 15
MNEDC175	125VDC Panel Mount Breaker - 3/8" studs 1.5" - 175
MNEDC20	150VDC Panel Mount Breaker - 20
MNEDC250	125VDC Panel Mount Breaker - 3/8" studs 1.5" - 250
MNEDC30	150VDC Panel Mount Breaker - 30
MNEDC30-300	300 VDC panel mount breaker - 30
MNEDC40	150VDC Panel Mount Breaker - 40
MNEDC5	150VDC Panel Mount Breaker - 5
MNEDC50	150VDC Panel Mount Breaker - 50
MNEDC60	150VDC Panel Mount Breaker - 60
MNEDC60-300	300 VDC panel mount breaker - 60
MNEDC70	150VDC Panel Mount Breaker - 70
MNEDC80	150VDC Panel Mount Breaker - 80
MNEDC80-300	300 VDC panel mount breaker - 80
MNEDC90	150VDC Panel Mount Breaker - 90
MNEDCQUAD	Small Breaker Boxes - Quad
MNEDCRT-17	125VDC Panel Mount Breaker - Width 1 inch (25.4mm) - 1/4 studs - 175
MNEDCRT-25	125VDC Panel Mount Breaker - Width 1 inch (25.4mm) - 1/4 studs - 250
MNEPV-300-10	300VDC din rail mount breaker - Polarized - 10
MNEPV-300-15	300VDC din rail mount breaker - Polarized - 15
MNEPV-300-7	300VDC din rail mount breaker - Polarized - 7
MNEPV1-150-1PNP	150VDC din rail mount breaker - non polarized - 1
MNEPV10-150-1PNP	150VDC din rail mount breaker - non polarized - 10
MNEPV10-300	300VDC Din Rail Mount Breaker, Single Pole, Polarized - 10
MNEPV100	80 Or 100 Amp Din Rail Mount Breaker - 100
MNEPV100-80-1PNP	80 Volt DC breaker - 100
MNEPV115-80-1PNP	80 Volt DC breaker - 115
MNEPV12-300	300VDC Din Rail Mount Breaker, Single Pole, Polarized - 12
MNEPV125-80-1PNP	80 Volt DC breaker - 125
MNEPV15-150-1PNP	150VDC din rail mount breaker - non polarized - 15
MNEPV15-300-1PP	300VDC Din Rail Mount Breaker, Single Pole, Polarized - 15
MNEPV15-600-2PP	600VDC din rail mount two pole breaker - 15
MNEPV16-600RT	16 Amp 600 VDC Din Rail mount breaker.
MNEPV2-150-1PNP	150VDC din rail mount breaker - non polarized - 2
MNEPV20-150-1PNP	150VDC din rail mount breaker - non polarized - 20
MNEPV20-300-1PP	300VDC Din Rail Mount Breaker, Single Pole, Polarized - 20
MNEPV20-600-2PP	600VDC din rail mount two pole breaker - 20
MNEPV30-150-1PNP	150VDC din rail mount breaker - non polarized - 30
MNEPV30-300-1PP	300VDC Din Rail Mount Breaker, Single Pole, Polarized - 30
MNEPV30-600-2PP	600VDC din rail mount two pole breaker - 30
MNEPV40-150-1PNP	150VDC din rail mount breaker - non polarized - 40
MNEPV40-600-2PP	600VDC din rail mount two pole breaker - 40
MNEPV5-150-1PNP	150VDC din rail mount breaker - non polarized - 5
MNEPV50-150-1PNP	150VDC din rail mount breaker - non polarized - 50
MNEPV50-300-1PP	300VDC Din Rail Mount Breaker, Single Pole, Polarized - 50
MNEPV50-600-2PP	600VDC din rail mount two pole breaker - 50
MNEPV7-300	300VDC Din Rail Mount Breaker, Single Pole, Polarized - 7
MNEPV80	80 Or 100 Amp Din Rail Mount Breaker - 80
MNEPV80-80-1PNP	80 Volt DC breaker - 80
MNGP2	Rosie - Talking Programming Module
MNHAWKESB120	Hawke's Bay Controller - 120
MNHAWKESB90	Hawke's Bay Controller - 90
MNHAWKESBAY120-PW	Hawke's Bay Pre-Wired System - 120
MNHAWKESBAY90-PW	Hawke's Bay Pre-Wired System - 90
MNHAWKSBAYBB125	MidNite Solar Hawks Bay Breaker Box 125
MNKID-ASSY-KIT	Kid Accessories - Mounting kit
MNKID-B	Kid - 30amp 12v ,24v, 48v Controller - Controller only
MNKID-BREAKER-30A	Kid Accessories - 30A resettable breaker
MNKID-CDT-KIT	Kid Accessories - Conduit kit
MNKID-M-B	Kid - 30amp 12v ,24v, 48v Controller - Marine style controller
MNKID-M-BKT	Kid Accessories - Marine mounting bracket
MNKID-WMBB	Kid Accessories - Larger wall mounting bracket
MNKIDBASIC KIT	Kid - 30amp 12v ,24v, 48v Controller - Kit with controller, breakers and wire
MNLR3648M	Little Rosie inverter
MNPowerflo16	MidNite MNPowerflo16 wall mounted battery
MNPowerflo5	MidNite Solar MNPowerflo5 Battery
MNPV10-1000	MidNite PV Combiners - 10-1000
MNPV12	MidNite PV Combiners - 12
MNPV12-250	MidNite PV Combiners - 12-250
MNPV2-1000	MidNite PV Combiners - 2-1000
MNPV2-MC4	MidNite Prewired Combiners - 2
MNPV3	MidNite PV Combiners - 3
MNPV4-1000	MidNite PV Combiners - 4-1000
MNPV4-MC4	MidNite Prewired Combiners - 4
MNPV4-MC4-LV	MidNite Prewired Combiners - 4 Outdoor
MNPV6	MidNite PV Combiners - 6
MNPV6-250	MidNite PV Combiners - 6-250
MNPV6-GFP15-35DC	MidNite PV Combiners - 6-GFP
MNPV6-MC4-LV	MidNite Prewired Combiners - 6 Outdoor
MNPV6-MC4-LV-SPD300	MidNite Prewired Combiners - 5 Outdoor with SPD
MNPV8-MC4	MidNite Prewired Combiners - 8
MNRNSHLD-KID	Kid Accessories - Shield
MNROSIE BACKPLATE	Rosie - Rosie Backplate
MNROSIE7048M	Rosie - Rosie M Inverter Only (Mobile)
MNROSIE7048RE	Rosie - Rosie RE Inverter Only (Stationary)
MNROSIEPW-16-KIT	Rosie Pre-wired System - PowerFlo-16
MNROSIEPW-5-KIT	Rosie Pre-wired System - PowerFlo-5
MNSBB-BL	Short Busbar - Black
MNSBB-RE	Short Busbar - Red
MNSBB-WH	Short Busbar - White
MNSHELF	Battery Enclosures - MNSHELF
MNSPD-115	MidNite Solar Surge Protector Device - 115V
MNSPD-300-AC	MidNite Solar Surge Protector Device - 300V AC
MNSPD-300-DC	MidNite Solar Surge Protector Device - 300V DC
MNSPD-600	MidNite Solar Surge Protector Device - 600v
MNTBB-B	180 amp Busbar - Black
MNTBB-R	180 amp Busbar - Red
MNTBB-W	180 amp Busbar - White
MNTBB2-15-BL	Busbar, insulator and cover with 15 wire locations - Black
MNTBB2-15-RE	Busbar, insulator and cover with 15 wire locations - Red
MNTBB2-15-WH	Busbar, insulator and cover with 15 wire locations - White
MNTBB2-9 Blk	2/0 Busbar, insulator and cover with 9 wire locations - Black
MNTBB2-9 R	2/0 Busbar, insulator and cover with 9 wire locations - Red
MNTBB2-9 W	2/0 Busbar, insulator and cover with 9 wire locations - White
MNTBB2-BL	2/0 Busbar, Insulator And Cover with 5 Wire Locations - Black
MNTBB2-RE	2/0 Busbar, Insulator And Cover with 5 Wire Locations - Red
MNTBB2-WH	2/0 Busbar, Insulator And Cover with 5 Wire Locations - White
MNTRANSFER-30A	Transfer Switch for the Big Baby - 30A
MNTRANSFER-60A	Transfer Switch for the Big Baby - 60A
MNTRANSITION	MidNite PV Combiners - Transition
MSC	Morningstar Controller Accessories - MSC
NSB190FT-BLUEPLUS	NorthStar BLUE+ VRLA-AGM Pure Lead Carbon Battery  183Ah 12V  Front Terminal
OffGrid 6500 Inverter	Fortress Power Solo 6.5kW Hybrid Inverter
OFG-Cable-6MM-10-BB	Best Value Solar Cable - 10 / Bare/Bare
OFG-Cable-6MM-10-FB	Best Value Solar Cable - 10 / Female/Bare
OFG-Cable-6MM-10-MB	Best Value Solar Cable - 10 / Male/Bare
OFG-Cable-6MM-10-MF	Best Value Solar Cable - 10 / Male/Female
OFG-Cable-6MM-100-BB	Best Value Solar Cable - 100 / Bare/Bare
OFG-Cable-6MM-100-FB	Best Value Solar Cable - 100 / Female/Bare
OFG-Cable-6MM-100-MB	Best Value Solar Cable - 100 / Male/Bare
OFG-Cable-6MM-100-MF	Best Value Solar Cable - 100 / Male/Female
OFG-Cable-6MM-15-BB	Best Value Solar Cable - 15 / Bare/Bare
OFG-Cable-6MM-15-FB	Best Value Solar Cable - 15 / Female/Bare
OFG-Cable-6MM-15-MB	Best Value Solar Cable - 15 / Male/Bare
OFG-Cable-6MM-15-MF	Best Value Solar Cable - 15 / Male/Female
OFG-Cable-6MM-20-BB	Best Value Solar Cable - 20 / Bare/Bare
OFG-Cable-6MM-20-FB	Best Value Solar Cable - 20 / Female/Bare
OFG-Cable-6MM-20-MB	Best Value Solar Cable - 20 / Male/Bare
OFG-Cable-6MM-20-MF	Best Value Solar Cable - 20 / Male/Female
OFG-Cable-6MM-25-BB	Best Value Solar Cable - 25 / Bare/Bare
OFG-Cable-6MM-25-FB	Best Value Solar Cable - 25 / Female/Bare
OFG-Cable-6MM-25-MB	Best Value Solar Cable - 25 / Male/Bare
OFG-Cable-6MM-25-MF	Best Value Solar Cable - 25 / Male/Female
OFG-Cable-6MM-250-BB	Best Value Solar Cable - 250 / Bare/Bare
OFG-Cable-6MM-250-FB	Best Value Solar Cable - 250 / Female/Bare
OFG-Cable-6MM-250-MB	Best Value Solar Cable - 250 / Male/Bare
OFG-Cable-6MM-250-MF	Best Value Solar Cable - 250 / Male/Female
OFG-Cable-6MM-30-BB	Best Value Solar Cable - 30 / Bare/Bare
OFG-Cable-6MM-30-FB	Best Value Solar Cable - 30 / Female/Bare
OFG-Cable-6MM-30-MB	Best Value Solar Cable - 30 / Male/Bare
OFG-Cable-6MM-30-MF	Best Value Solar Cable - 30 / Male/Female
OFG-Cable-6MM-35-BB	Best Value Solar Cable - 35 / Bare/Bare
OFG-Cable-6MM-35-FB	Best Value Solar Cable - 35 / Female/Bare
OFG-Cable-6MM-35-MB	Best Value Solar Cable - 35 / Male/Bare
OFG-Cable-6MM-35-MF	Best Value Solar Cable - 35 / Male/Female
OFG-Cable-6MM-40-BB	Best Value Solar Cable - 40 / Bare/Bare
OFG-Cable-6MM-40-FB	Best Value Solar Cable - 40 / Female/Bare
OFG-Cable-6MM-40-MB	Best Value Solar Cable - 40 / Male/Bare
OFG-Cable-6MM-40-MF	Best Value Solar Cable - 40 / Male/Female
OFG-Cable-6MM-45-BB	Best Value Solar Cable - 45 / Bare/Bare
OFG-Cable-6MM-45-FB	Best Value Solar Cable - 45 / Female/Bare
OFG-Cable-6MM-45-MB	Best Value Solar Cable - 45 / Male/Bare
OFG-Cable-6MM-45-MF	Best Value Solar Cable - 45 / Male/Female
OFG-Cable-6MM-5-BB	Best Value Solar Cable - 5 / Bare/Bare
OFG-Cable-6MM-5-FB	Best Value Solar Cable - 5 / Female/Bare
OFG-Cable-6MM-5-MB	Best Value Solar Cable - 5 / Male/Bare
OFG-Cable-6MM-5-MF	Best Value Solar Cable - 5 / Male/Female
OFG-Cable-6MM-50-BB	Best Value Solar Cable - 50 / Bare/Bare
OFG-Cable-6MM-50-FB	Best Value Solar Cable - 50 / Female/Bare
OFG-Cable-6MM-50-MB	Best Value Solar Cable - 50 / Male/Bare
OFG-Cable-6MM-50-MF	Best Value Solar Cable - 50 / Male/Female
PD-V01	Protocol-D V01
PIPE-KIT-HW-10	Tamarack Pipe Kit for TTP-A Mounts - TTP-A-4 or TTP-A-6 / 78" / Schedule 80
PIPE-KIT-HW-12	Tamarack Pipe Kit for TTP-A Mounts - TTP-A-4 or TTP-A-6 / 96" / Schedule 80
PIPE-KIT-SD-10	Tamarack Pipe Kit for TTP-A Mounts - TTP-A-4 or TTP-A-6 / 78" / Schedule 40
PIPE-KIT-SD-12	Tamarack Pipe Kit for TTP-A Mounts - TTP-A-4 or TTP-A-6 / 96" / Schedule 40
PIPE-KIT-SD-4	Tamarack Pipe Kit for TTP-A Mounts - TTP-A-2 or TTP-A-3 / 96" / Schedule 40
PIPE-KIT-TT-78-SC	Tamarack Pipe Kit for TTP-A Mounts - TTP-A-2 or TTP-A-3 / 78" / Schedule 40
PIPE-KIT-TT-78-SC-1	Tamarack Pipe Kit for TTP-A Mounts - TTP-A-2 or TTP-A-3 / 78" / Schedule 80
PIPE-KIT-TT-96-SC	Tamarack Pipe Kit for TTP-A Mounts - TTP-A-2 or TTP-A-3 / 96" / Schedule 80
PowerRack-1000	PowerField PowerRack Ground Mount
PS-MPPT-25	ProStar MPPT Solar Charge Controller - 25amp / Without Meter
PS-MPPT-25M	ProStar MPPT Solar Charge Controller - 25amp / With Meter
PS-MPPT-40	ProStar MPPT Solar Charge Controller - 40amp / Without Meter
PS-MPPT-40M	ProStar MPPT Solar Charge Controller - 40amp / With Meter
PS-MPPT-WB	Morningstar Controller Accessories - PS-MPPT-WB
PST-1000-12	Samlex PST Inverter - 12v DC / 1000 watt AC
PST-1000-24	Samlex PST Inverter - 24v DC / 1000 watt AC
PST-1000-48	Samlex PST Inverter - 48v DC / 1000 watt AC
PST-150-12	Samlex PST Inverter - 12v DC / 150 watt AC
PST-150-24	Samlex PST Inverter - 24v DC / 150 watt AC
PST-150-48	Samlex PST Inverter - 48v DC / 150 watt AC
PST-1500-12	Samlex PST Inverter - 12v DC / 1500 watt AC
PST-1500-24	Samlex PST Inverter - 24v DC / 1500 watt AC
PST-1500-48	Samlex PST Inverter - 48v DC / 1500 watt AC
PST-2000-12	Samlex PST Inverter - 12v DC / 2000 watt AC
PST-2000-24	Samlex PST Inverter - 24v DC / 2000 watt AC
PST-2000-48	Samlex PST Inverter - 48v DC / 2000 watt AC
PST-300-12	Samlex PST Inverter - 12v DC / 300 watt AC
PST-300-24	Samlex PST Inverter - 24v DC / 300 watt AC
PST-300-48	Samlex PST Inverter - 48v DC / 300 watt AC
PST-3000-12	Samlex PST Inverter - 12v DC / 3000 watt AC
PST-3000-24	Samlex PST Inverter - 24v DC / 3000 watt AC
PST-3000-48	Samlex PST Inverter - 48v DC / 3000 watt AC
PST-600-12	Samlex PST Inverter - 12v DC / 600 watt AC
PST-600-24	Samlex PST Inverter - 24v DC / 600 watt AC
PST-600-48	Samlex PST Inverter - 48v DC / 600 watt AC
PVWIRE-10-2K-Black	#10 AWG PV Wire - cut to order - Black
PVWIRE-10-2K-Green	#10 AWG PV Wire - cut to order - Green
PVWIRE-10-2K-Red	#10 AWG PV Wire - cut to order - Red
PVWIRE-10-2K-White	#10 AWG PV Wire - cut to order - White
RD-1	Morningstar Controller Accessories - RD-1
REN-XTREME-NO-10	Renon Xtreme Home Battery Power System - None / 10kWh (two batteries, one controller)
REN-XTREME-NO-15	Renon Xtreme Home Battery Power System - None / 15kWh (three batteries, one controller)
REN-XTREME-NO-20	Renon Xtreme Home Battery Power System - None / 20kWh (four batteries, one controller)
REN-XTREME-NO-25	Renon Xtreme Home Battery Power System - None / 25kWh (five batteries, one controller)
REN-XTREME-NO-30	Renon Xtreme Home Battery Power System - None / 30kWh (six batteries, one controller)
REN-XTREME-SO-10-1-1	Renon Xtreme Home Battery Power System - Sol-Ark 15k / 10kWh (two batteries, one controller)
REN-XTREME-SO-15-1-1	Renon Xtreme Home Battery Power System - Sol-Ark 15k / 15kWh (three batteries, one controller)
REN-XTREME-SO-20-1-1	Renon Xtreme Home Battery Power System - Sol-Ark 15k / 20kWh (four batteries, one controller)
REN-XTREME-SO-25-1-1	Renon Xtreme Home Battery Power System - Sol-Ark 15k / 25kWh (five batteries, one controller)
REN-XTREME-SO-30-1-1	Renon Xtreme Home Battery Power System - Sol-Ark 15k / 30kWh (six batteries, one controller)
RibBracket III	RibBracket III
RM-1	Morningstar Controller Accessories - RM-1
RS-Cable-Parent-75-MA	Best Value Solar Cable - 75 / Male/Female
RS-Cable-Parent-75-MA-1	Best Value Solar Cable - 75 / Male/Bare
RS485COMS	RS-485 Shielded 2 Pair 24AWG Communication cable for Tigo, Sol-ark, Modbus, Canbus - UL 1685
RSC-1	Morningstar Controller Accessories - RSC-1
RT-MINI-8-SOLO	RoofTech RT-MINI II Self-Flashing Roof Mount Base - Deck or Rafter Mount Two in One
RT-MINI-DMS	Roof Tech Deck Mount Screw
RTS	Morningstar Controller Accessories - RTS
RW-F10.2-B	Deye RW-F10.2-B Wall Mounted 10.2kWh LiFePO4 battery
S-5 Edge Grab	S-5 Edge Grab
S-5 Mid Grab	S-5 Mid Grab
S-5-B Clamp	S-5-B Clamp
S-5-E	S-5-E
S-5-E-Mini	S-5-E-Mini
S-5-H90	S-5-H90
S-5-N	S-5-N
S-5-N 1.5	S-5-N 1.5
S-5-N Mini	S-5-N Mini
S-5-S	S-5-S
S-5-S Mini	S-5-S Mini
S-5-T	S-5-T
S-5-U	S-5-U
S-5-U Mini	S-5-U Mini
S-5-V	S-5-V
S-5-Z	S-5-Z
S-5-Z Mini	S-5-Z Mini
SA- 30K-3P-208V	Sol-Ark Commercial High Voltage Hybrid Inverters - 30kW
SA-12K-2P	Sol-Ark Hybrid Inverter - 12kW / Not EMP Hardened
SA-12K-2P-EMP	Sol-Ark Hybrid Inverter - 12kW / Yes EMP Hardened
SA-15K-2P	Sol-Ark Hybrid Inverter - 15kW / Not EMP Hardened
SA-15K-2P-EMP	Sol-Ark Hybrid Inverter - 15kW / Yes EMP Hardened
SA-18K-2P	Sol-Ark Hybrid Inverter - 18kW / Not EMP Hardened
SA-60K-3P-480V	Sol-Ark Commercial High Voltage Hybrid Inverters - 60kW
SE-G5.1PRO-B	Deye SE-G5.1 PRO-B 5.12kWh LiFePO4 battery
SEOOW-CORD	10/3 SEOOW Portable Cord, 600V UL/CSA, Power Cables
SF.1222	Snap-Fan Intake Guard by Fogco - 12" Snap-Fan Intake Guard
SF.1622	Snap-Fan Intake Guard by Fogco - 16" Snap-Fan Intake Guard
SF.2022	Snap-Fan Intake Guard by Fogco - 20" Snap-Fan Intake Guard
SF.2422	Snap-Fan Intake Guard by Fogco - 24" Snap-Fan Intake Guard
SF.9912BL	Snap-Fan Solar Kit by Fogco - 12' Brushless Snap-Fan Solar Kit
SF.9916BL	Snap-Fan Solar Kit by Fogco - 16" Brushless Snap-Fan Solar Kit
SF.9920BL	Snap-Fan Solar Kit by Fogco - 20" Brushless Snap-Fan Solar Kit
SF.9939	DC Thermostat Kit by Fogco
SF.P12BLDC24	12" Brushless DC Snap-Fan (12-24V) by Fogco
SF.P16BLDC24	16" DC Brushless Snap-Fan (12-24V)  by Fogco
SF.P20BLDC24	20" DC Brushless Snap-Fan (12-24V) by Fogco
SF.P20BLDC30	20" HP DC Brushless Snap-Fan (24V) by Fogco
SF.P24BLDC30	24" DC Brushless Snap-Fan (24V DC) by Fogco
SFE.6900-12	Snap-Fan Exhaust Shutter System - 12" Snap-Fan-Exhaust Shutter
SFE.6900-16	Snap-Fan Exhaust Shutter System - 16" Snap-Fan-Exhaust Shutter
SFE.6900-20	Snap-Fan Exhaust Shutter System - 20" Snap-Fan-Exhaust Shutter
SFE.6900-24	Snap-Fan Exhaust Shutter System - 24" Snap-Fan-Exhaust Shutter
SHUNT300A75MV	300A 75mV Shunt Resistor
SI-1000-12-120-60-B	Morningstar SureSine Inverter - 1000 / 12v / 120v 60hz (USA) / Plug
SI-1000-12-120-60-HW	Morningstar SureSine Inverter - 1000 / 12v / 120v 60hz (USA) / Hardwire
SI-1000-12-230-50-B	Morningstar SureSine Inverter - 1000 / 12v / 230v 50hz (International) / Plug
SI-1000-12-230-50-HW	Morningstar SureSine Inverter - 1000 / 12v / 230v 50hz (International) / Hardwire
SI-1000-24-120-60-B	Morningstar SureSine Inverter - 1000 / 24v / 120v 60hz (USA) / Plug
SI-1000-24-120-60-HW	Morningstar SureSine Inverter - 1000 / 24v / 120v 60hz (USA) / Hardwire
SI-1000-24-230-50-B	Morningstar SureSine Inverter - 1000 / 24v / 230v 50hz (International) / Plug
SI-1000-24-230-50-HW	Morningstar SureSine Inverter - 1000 / 24v / 230v 50hz (International) / Hardwire
SI-1000-48-120-60-B	Morningstar SureSine Inverter - 1000 / 48v / 120v 60hz (USA) / Plug
SI-1000-48-120-60-HW	Morningstar SureSine Inverter - 1000 / 48v / 120v 60hz (USA) / Hardwire
SI-1000-48-230-50-B	Morningstar SureSine Inverter - 1000 / 48v / 230v 50hz (International) / Plug
SI-1000-48-230-50-HW	Morningstar SureSine Inverter - 1000 / 48v / 230v 50hz (International) / Hardwire
SI-1250-12-120-60-B	Morningstar SureSine Inverter - 1250 / 12v / 120v 60hz (USA) / Plug
SI-1250-12-120-60-HW	Morningstar SureSine Inverter - 1250 / 12v / 120v 60hz (USA) / Hardwire
SI-15-24-12-HA	Morningstar SureSine Inverter - 150 / 24v / 120v 60hz (USA) / Hardwire
SI-150-12-120-60-B	Morningstar SureSine Inverter - 150 / 12v / 120v 60hz (USA) / Plug
SI-150-12-120-60-HW	Morningstar SureSine Inverter - 150 / 12v / 120v 60hz (USA) / Hardwire
SI-150-12-230-50-B	Morningstar SureSine Inverter - 150 / 12v / 230v 50hz (International) / Plug
SI-150-12-230-50-HW	Morningstar SureSine Inverter - 150 / 12v / 230v 50hz (International) / Hardwire
SI-150-24-120-60-B	Morningstar SureSine Inverter - 150 / 24v / 120v 60hz (USA) / Plug
SI-150-24-230-50-HW	Morningstar SureSine Inverter - 150 / 24v / 230v 50hz (International) / Hardwire
SI-150-24-230-50-UNI	Morningstar SureSine Inverter - 150 / 24v / 230v 50hz (International) / Plug
SI-150-48-120-60-B	Morningstar SureSine Inverter - 150 / 48v / 120v 60hz (USA) / Plug
SI-150-48-120-60-HW	Morningstar SureSine Inverter - 150 / 48v / 120v 60hz (USA) / Hardwire
SI-150-48-230-50-B	Morningstar SureSine Inverter - 150 / 48v / 230v 50hz (International) / Plug
SI-150-48-230-50-HW	Morningstar SureSine Inverter - 150 / 48v / 230v 50hz (International) / Hardwire
SI-300-12-120-60-B	Morningstar SureSine Inverter - 300 / 12v / 120v 60hz (USA) / Plug
SI-300-12-120-60-HW	Morningstar SureSine Inverter - 300 / 12v / 120v 60hz (USA) / Hardwire
SI-300-12-230-50-B	Morningstar SureSine Inverter - 300 / 12v / 230v 50hz (International) / Plug
SI-300-12-230-50-HW	Morningstar SureSine Inverter - 300 / 12v / 230v 50hz (International) / Hardwire
SI-300-24-120-60-B	Morningstar SureSine Inverter - 300 / 24v / 120v 60hz (USA) / Plug
SI-300-24-120-60-HW	Morningstar SureSine Inverter - 300 / 24v / 120v 60hz (USA) / Hardwire
SI-300-24-230-50-B	Morningstar SureSine Inverter - 300 / 24v / 230v 50hz (International) / Plug
SI-300-24-230-50-HW	Morningstar SureSine Inverter - 300 / 24v / 230v 50hz (International) / Hardwire
SI-300-48-120-60-B	Morningstar SureSine Inverter - 300 / 48v / 120v 60hz (USA) / Plug
SI-300-48-120-60-HW	Morningstar SureSine Inverter - 300 / 48v / 120v 60hz (USA) / Hardwire
SI-300-48-230-50-B	Morningstar SureSine Inverter - 300 / 48v / 230v 50hz (International) / Plug
SI-300-48-230-50-HW	Morningstar SureSine Inverter - 300 / 48v / 230v 50hz (International) / Hardwire
SI-700-12-120-60-B	Morningstar SureSine Inverter - 700 / 12v / 120v 60hz (USA) / Plug
SI-700-12-120-60-HW	Morningstar SureSine Inverter - 700 / 12v / 120v 60hz (USA) / Hardwire
SI-700-12-230-50-B	Morningstar SureSine Inverter - 700 / 12v / 230v 50hz (International) / Plug
SI-700-12-230-50-HW	Morningstar SureSine Inverter - 700 / 12v / 230v 50hz (International) / Hardwire
SI-700-24-120-60-B	Morningstar SureSine Inverter - 700 / 24v / 120v 60hz (USA) / Plug
SI-700-24-120-60-HW	Morningstar SureSine Inverter - 700 / 24v / 120v 60hz (USA) / Hardwire
SI-700-24-230-50-B	Morningstar SureSine Inverter - 700 / 24v / 230v 50hz (International) / Plug
SI-700-24-230-50-HW	Morningstar SureSine Inverter - 700 / 24v / 230v 50hz (International) / Hardwire
SI-700-48-120-60-B	Morningstar SureSine Inverter - 700 / 48v / 120v 60hz (USA) / Plug
SI-700-48-120-60-HW	Morningstar SureSine Inverter - 700 / 48v / 120v 60hz (USA) / Hardwire
SI-700-48-230-50-B	Morningstar SureSine Inverter - 700 / 48v / 230v 50hz (International) / Plug
SI-700-48-230-50-HW	Morningstar SureSine Inverter - 700 / 48v / 230v 50hz (International) / Hardwire
SL-10L-12V	SunLight solar charge controller - 12v / 10a
SL-10L-24V	SunLight solar charge controller - 12v / 20a
SL-20L-12	SunLight solar charge controller - 24v / 10a
SL-20L-24	SunLight solar charge controller - 24v / 20a
SOL-ATR-15	Wire Management Tray for Sol-Ark - Angled Tray
SOL-WTR-15	Wire Management Tray for Sol-Ark - Wall Tray
SOLARCABLE-10AWG-100-MF	Solar Cable made with Stäubli Original MC4 connectors - 100'
SOLARCABLE-10AWG-15-MF	Solar Cable made with Stäubli Original MC4 connectors - 15'
SOLARCABLE-10AWG-150-MF	Solar Cable made with Stäubli Original MC4 connectors - 250'
SOLARCABLE-10AWG-30-MF	Solar Cable made with Stäubli Original MC4 connectors - 30'
SOLARCABLE-10AWG-50-MF	Solar Cable made with Stäubli Original MC4 connectors - 50'
SOLARK-18-YE	Sol-Ark Hybrid Inverter - 18kW / Yes EMP Hardened
SOPA100W	Small Solar Panels - 100w
SOPA10W	Small Solar Panels - 10w
SOPA180W	Small Solar Panels - 180w
SOPA20W	Small Solar Panels - 20w
SOPA30W	Small Solar Panels - 30w
SOPA40W	Small Solar Panels - 40w
SOPA50W	Small Solar Panels - 50w
SOPA60W	Small Solar Panels - 60w
SOPA80W	Small Solar Panels - 80w
ST-10RF-B	SunStar Upright Refrigerator - Black
ST-10RF-W	SunStar Upright Refrigerator - White
ST-21CF	SunStar DC Chest Freezer - 21 Cubic Feet
ST-8CF	SunStar DC Chest Freezer - 8 Cubic Feet
STICKER	Solamp Stickers
TIGOBATT	Tigo EI (Energy Intelligence) 9.9kWh Battery
titan-mini	Titan Mini Portable Solar Battery Pack
TM7G54M	Talesun BIPRO Bifacial 450w Dual Glass Black Solar Panel
TRANSMITTER-PLC-1P	AP Smart Transmitter Single Core
TRUCKERHAT	Solamp Trucker Cap
TS-30-NO	TriStar - 30 amps / No MPPT
TS-45	TriStar - 45 amps / No MPPT
TS-60	TriStar - 60 amps / No MPPT
TS-M-2	Morningstar Controller Accessories - TS-M-2
TS-M-2-600v	Morningstar Controller Accessories - TS-M-2-600V
TS-MPPT-30	TriStar - 30 amps / Yes MPPT
TS-MPPT-45	TriStar - 45 amps / Yes MPPT
TS-MPPT-60	TriStar - 60 amps / Yes MPPT
TS-RM-2	Morningstar Controller Accessories - TS-RM-2
TSPLTL-16-70-BO-BL	Tamarack Bulk Rails (LTL) - 1.6 Rails / 70-inch / Box of 8 / Black
TSPLTL-16-70-BO-MI	Tamarack Bulk Rails (LTL) - 1.6 Rails / 70-inch / Box of 8 / Mill
TSPLTL-16-70-PA-BL	Tamarack Bulk Rails (LTL) - 1.6 Rails / 70-inch / Pallet of 144 / Black
TSPLTL-16-70-PA-MI	Tamarack Bulk Rails (LTL) - 1.6 Rails / 70-inch / Pallet of 144 / Mill
TSPLTL-16-93-BO-BL	Tamarack Bulk Rails (LTL) - 1.6 Rails / 93 inch / Box of 8 / Black
TSPLTL-16-93-BO-MI	Tamarack Bulk Rails (LTL) - 1.6 Rails / 93 inch / Box of 8 / Mill
TSPLTL-23-70-BO-BL	Tamarack Bulk Rails (LTL) - 2.3 Rails / 70-inch / Box of 8 / Black
TSPLTL-23-70-BO-MI	Tamarack Bulk Rails (LTL) - 2.3 Rails / 70-inch / Box of 8 / Mill
TSPLTL-23-70-PA-BL	Tamarack Bulk Rails (LTL) - 2.3 Rails / 70-inch / Pallet of 144 / Black
TSPLTL-23-70-PA-MI	Tamarack Bulk Rails (LTL) - 2.3 Rails / 70-inch / Pallet of 144 / Mill
TSPLTL-23-93-BO-BL	Tamarack Bulk Rails (LTL) - 2.3 Rails / 93 inch / Box of 8 / Black
TSPLTL-23-93-BO-MI	Tamarack Bulk Rails (LTL) - 2.3 Rails / 93 inch / Box of 8 / Mill
TSPLTL-31-12-BO-BL	Tamarack Bulk Rails (LTL) - 3.1 Rails / 126 inch / Box of 8 / Black
TSPLTL-31-12-BO-MI	Tamarack Bulk Rails (LTL) - 3.1 Rails / 126 inch / Box of 8 / Mill
TSPLTL-31-12-PA-BL	Tamarack Bulk Rails (LTL) - 3.1 Rails / 126 inch / Pallet of 144 / Black
TSPLTL-31-12-PA-MI	Tamarack Bulk Rails (LTL) - 3.1 Rails / 126 inch / Pallet of 144 / Mill
TSPLTL-31-70-BO-BL	Tamarack Bulk Rails (LTL) - 3.1 Rails / 70-inch / Box of 8 / Black
TSPLTL-31-70-BO-MI	Tamarack Bulk Rails (LTL) - 3.1 Rails / 70-inch / Box of 8 / Mill
TSPLTL-31-70-PA-BL	Tamarack Bulk Rails (LTL) - 3.1 Rails / 70-inch / Pallet of 144 / Black
TSPLTL-31-93-BO-BL	Tamarack Bulk Rails (LTL) - 3.1 Rails / 93 inch / Box of 8 / Black
TSPLTL-31-93-BO-MI	Tamarack Bulk Rails (LTL) - 3.1 Rails / 93 inch / Box of 8 / Mill
TSPLTL-31-93-PA-BL	Tamarack Bulk Rails (LTL) - 3.1 Rails / 93 inch / Pallet of 144 / Black
TTP-A-2-93	Tamarack TTP-A - Top of Pole Mount - TTP-A-2-93
TTP-A-3-70	Tamarack TTP-A - Top of Pole Mount - TTP-A-3-70
TTP-A-4-93	Tamarack TTP-A - Top of Pole Mount - TTP-A-4-93
TTP-A-6-70	Tamarack TTP-A - Top of Pole Mount - TTP-A-6-70
UMC-1	Morningstar Controller Accessories - UMC-1
UNI-GR/130	Ground (or Roof) Tilt Mounts - 130 inches
UNI-GR/90	Ground (or Roof) Tilt Mounts - 90 inches
UNI-PGRM-END	PGRM Component Parts - End-Rail 35-inch Use two per mount
UNI-PGRM-END47	PGRM Component Parts - End-Rail 47-inch Use two per mount
UNI-PGRM-MID	PGRM Component Parts - Mid-Rail 35-inch Use one between each module
UNI-PGRM-MID47	PGRM Component Parts - Mid-Rail 47-inch Use one between each module
UNI-SA/14.0	Single-Arm Mounts - 14"
UNI-SA/21.5	Single-Arm Mounts - 21.5"
UNI-SA/26.0	Single-Arm Mounts - 26"
UNI-TL1O	Rail Tilt Kits for Flat and Low Slope Roofs
UNIPGRM-1P1	Tamarack UNI-PGRM Top of Pole Mount - 1 Solar Panel / 38"-72"
UNIPGRM-1P147	Tamarack UNI-PGRM Top of Pole Mount - 1 Solar Panel / 72"-96"
UNIPGRM-2P1	Tamarack UNI-PGRM Top of Pole Mount - 2 Solar Panels / 38"-72"
UNIPGRM-2P147	Tamarack UNI-PGRM Top of Pole Mount - 2 Solar Panels / 72"-96"
UNIPGRM-3P1	Tamarack UNI-PGRM Top of Pole Mount - 3 Solar Panels / 38"-72"
UNIPGRM-3P147	Tamarack UNI-PGRM Top of Pole Mount - 3 Solar Panels / 72"-96"
UNIPGRM-4P1	Tamarack UNI-PGRM Top of Pole Mount - 4 Solar Panels / 38"-72"
UNIPGRM-4P147	Tamarack UNI-PGRM Top of Pole Mount - 4 Solar Panels / 72"-96"
UNIPGRM-5P2	Tamarack UNI-PGRM Top of Pole Mount - 5 Solar Panels / 38"-72"
UNIPGRM-5P247	Tamarack UNI-PGRM Top of Pole Mount - 5 Solar Panels / 72"-96"
UNIPGRM-6P2	Tamarack UNI-PGRM Top of Pole Mount - 6 Solar Panels / 38"-72"
UNIPGRM-6P247	Tamarack UNI-PGRM Top of Pole Mount - 6 Solar Panels / 72"-96"
VersaBracket 47	VersaBracket 47
VIC-SS-250-85	Blue MPPT 250 85
VSUN550	Vsun 550W-VSUN550-144BMH-DG
XTREME-M-H	Renon XTreme Stack Battery Module - Heated Cells
XTREME-M-U	Renon XTreme Stack Battery Module - Unheated
ZXM7-SHLDD120	ZNShine 450W Bifacial Solar Panel
ELEMENT-64	GRANDIO ELEMENT-BASIC-64
ELEMENT-68	GRANDIO ELEMENT-BASIC-68
ELEMENT-612	GRANDIO ELEMENT-BASIC-612
GRANDIO ASCENT-88	GRANDIO ASCENT-88
GRANDIO ASCENT-812	GRANDIO ASCENT-812
GRANDIO ASCENT-816	GRANDIO ASCENT-816
GRANDIO ASCENT-820	GRANDIO ASCENT-820
GRANDIO ASCENT-824	GRANDIO ASCENT-824
