sku,title,length,preview
DELLA,Delta Lighting Arrestor,379,The Delta Lightning Arrestor is a professional-grade surge protection device designed to safeguard s...
Envy-Duo-21,Fortress Power Envy Duo 21 Inverter,338,The Fortress Power Envy Duo 21 is a high-performance 48V hybrid inverter delivering 12kW of continuo...
MNPV-DISCO,Disconnecting DC Combiners,334,The Midnite Solar MNPV-DISCO series features a lockable disconnect handle and a rust-proof NEMA 3R a...
GS,GenStar MPPT Charge Controller,333,The Morningstar GenStar MPPT is a revolutionary fully integrated DC system controller designed for ...
VIC-SS-250-85,Blue MPPT 250 85,331,The Victron SmartSolar MPPT 250/85-Tr VE.Can is a high-performance solar charge controller featuring...
MNPowerflo5,MidNite Solar MNPowerflo5 Battery,329,The MidNite Solar MNPowerflo5 is a high-performance 5.12kWh Lithium Iron Phosphate (LFP) server rack...
110000000000-A,Pytes V5 LiFePO4 battery pack,325,The Pytes V5 is a high-performance 48V 5.12kWh LiFePO4 battery pack designed for residential and com...
S-5-T,S-5-T,320,The S-5-T is a heavy-duty non-penetrating clamp specifically engineered for T-shaped seam metal roo...
SAEnvy8/10,Fortress Power -Envy 8kW/10kW All-in-One Hybrid Home Solar Inverter,316,The Fortress Power Envy 8kW/10kW is a professional-grade all-in-one hybrid inverter designed for se...
UNI-TL1O,Rail Tilt Kits for Flat and Low Slope Roofs,315,The Tamarack Solar UNI-TL1O Rail Tilt Kit is designed to add 7° to 11° of tilt to flush-mounted sola...
SF.P12BLDC24,12 Brushless DC Snap-Fan (12-24V) by Fogco,314,The 12 Brushless DC Snap-Fan by Fogco is a high-performance industrial-grade ventilation solution ...
MNPowerflo16,MidNite MNPowerflo16 wall mounted battery,312,The MidNite MNPowerflo16 is a premium 16.1kWh Lithium Iron Phosphate battery designed for extreme re...
RS485COMS,RS-485 Shielded 2 Pair 24AWG Communication cable for Tigo Sol-ark Modbus Canbus - UL 1685,311,Ensure rock-solid data reliability for your solar array with our RS-485 Shielded 2-Pair 24AWG commun...
SF.P16BLDC24,16 DC Brushless Snap-Fan (12-24V) by Fogco,310,The Fogco 16-inch Brushless DC Snap-Fan is an industrial-grade ventilation solution engineered for s...
PTB-ALPHA-ONE,Passthrough Box,309,The Solamp Custom Solar Passthrough Box provides a professional weatherproof and code-compliant so...
