sku,title
100AMPD,100 amp disconnect
10kw-og-kit,10kW off grid kit
1991,PowerBar 1000 - 12 3/8" Terminal Studs
2EMT,2" EMT
300AMPBUSBAR,300amp Bus Bar Red/Black set
300bus,300amp busbar
52001,SimpliPHI 4.9 Battery
6840-6869-6845,17-26kW Cold Weather Package
865DCBRK###,Schneider Electric Panel Mount Breaker
88412-Box,Rail Splice 2.3 Box of 96 (PO use only Sales use 88412-Solo)
88429-Box,Rail End Cap 2.3 Box of 96
88450,5050 Clamp BLACK 30mm-40mm (12 Pack) (PO ONLY- SALES USE 88450-SOLO)
88450-BOX,5050 Clamp 30MM-40MM Box of 144 (For PO Only - Sales use 88450-solo)
88474-Box,Module Lead Clip Box of 288 (PO use only - Sales use 88474-Solo)
88603-Box,L-Foot with Rail Mount - Mill Box of 144 (PO use only - Sales use 88603-solo)
89846-Box,Rail End Caps 3.1
A-#PHI-SA-12,AccESS with PHI Batteries and Sol-Ark Inverter
AMPLIPHI-3.8-48,AmpliPHI 3.8 LFP Battery
BASCO-POWERPROTECT,PowerProtect Standby Generator 120/240V Aluminum Enclosure 7 Year Warranty
BIBS4-3,Burndy BIBS4-3
BMV,Victron Battery monitors
BOSS,BOSS Enclosures for Phi Batteries
BSS-6006200,m-Series Mini On-Off Battery Switch with Knob - Black
Conduit_and_Wire,Conduit and Wire
DESIGN,Professional Design Package
Design-Package,Engineering Permitting & Interconnection
DIY-OG-KIT,Solamp Off Grid Kits
ECO-SPLIT-12K-R32-V2,ECOSOLARIS 12 000 BTU Hybrid Solar Mini-Splitâ€”Air Conditioner Heat Pump | Energy Star Certified
ECUBE60AP,Renon ECube 60AP 60kWh Energy Storage Solution with Optional Sol-Ark 30kW or 60kW inverter
EN-Q-CUT-LAND-01,Enphase QCable Landscape
ENP,Enphase Microinverter
ENP-ACC,Enphase Accessories
FRS200,FRS 200amp Bussman Fuse
GALV 2-1/2" x 10' x SPS40-G210,Galvanized Steel Steel Pipe 10'
GALV 2-1/2" x 7' x SPS40-G210,Galvanized Steel Pipe 7'
GALV 2-1/2" x 8' x SPS40-G210,Galvanized Steel Pipe 8'
GENNY,Genny Emergency Power Kit
GRNDWIRE GREEN 100',Grounding Wire-Green
GSLC,GSLC Load Center
GX TOUCH 50,GX Touch 50
HF224NR,Siemens HF224NR
HG,HomeGrid Lithion Stack'd Series battery
MB-390-HJT120-BB-T2,Meyer Burger 390 W Solar Panel
MC4MFSET,Staubli MC4 Male/Female cable coupler Set
MNOG-KIT,MidNite Solar Off Grid Kit
MSSS-CLASSIC,SureSine 300w Inverter 'Classic'
OUTBKR-CTRL-DC,OutBack Power ICS Plus Breaker Control Module
OUTFP1VFXR36481,Outback FlexPower One FP1 VFXR3648A-01 48VDC/120VAC
OUTFW-MB3,Outback FW-MB3 Mate 3 Side Mounting Bracket
OUTFW-MB3-F,Outback FW-MB3-F FLEXware MATE3 Flat Mount Wall Plate
OUTFW-SP-ACA,Outback FW-ACA FLEXWARE Surge Protector
OUTFWX240,Outback Inverter Accessories Outback FW-X240 Auto Transformer
OUTPNL-GFDI-80Q,Outback PV Ground-Fault Detector Interrupter 80 Amp 150Vdc four pole panel mount
OutBack STBB,Outback bussbar
PASSTHROUGHBOXONE,Passthrough Box - 1-4 strings
PHI-1.4,PHI 1.4 12v and 24v LFP battery
PHI-3.8,PHI-3.8-M LFP Battery
PHI-3.8-M,Simpliphi PHI 3.8 kWh LFP Battery 24V
PS,ProStar PWM Solar Charge Controller
PVI-36TL-480-V2,36k 480v Commercial String PV Inverter
PW-UF,Polar Wire Ultraflex Wire
R-T12,TOPBAND T-Series Lithium Batteries
REC-460-AA-PURE-RX,REC 460w Alpha PURE-RX Solar Panel
RENON-MPACK-233A,Renon MPack 233A 233kWh Liquid-Cooling Battery
ROOFMOUNTKIT,Solamp Roof Mount Kit
RST0799-5B,SolaDeck 0799 Black
RST0799-5G,SolaDeck 0799 Gray
RST1440.080,Soladeck Power Block 600V 80A
RT-MINI-20,Roof Tech MINI II Base & Hardware (Box of 20)
RT-MINI-DMS-60,Roof Tech Deck Mount Screws 5x60 (Bag of 60)
Radian8k,Outback Radian Inverter
SA-L3,Sol-Ark HV Batteries
SA-OG-KIT,Solamp 10kW Off Grid Kit
SFS.P12BLDC,Snap-Fan Brushless DC by Fogco
SI32-PEL64R-8,DC Disco Switch 8 Pole 4 String 32A 600V
SIL-580-XMPLUS,Silfab 580w XM+ bifacial module - Assembled in USA
SIMPACC,Briggs & Stratton SimpliPHI Accessories
SMA-STP,Sunny Tripower CORE1
SOLARK15DEYE5KIT,Sol-ark 15kW Deye 5.12 kWh Energy Storage System
SOLARLIVING,Real Goods Solar Living Sourcebook - 14th Edition
SOTPATHCASE,Solar Pathfinder Case
SOTPATHCASETRI,Solar Pathfinder with Case & Tripod
SQUD221NRB,SquareD Safety Switch
SQUD223NRB,Safety Switch General Duty
SQUDU222RB,Square D DU222RB Safety Switch
SQUGTK03,Safety Switch Accessory
SQUGTK0610,SquareD Ground Kit
SQUHU361RB,Safety Switch Heavy Duty
SQUQOU230,Square D QOU230 30A 2-Pole Circuit Breaker
SS-MPPT-1,SunSaver MPPT
SSW,Samlex SSW Series Inverters
STAMC4FMCON10PK,Staubli MC4 Female Connector 10pk
STAMC4MALECON10PK,Staubli MC4 Male Connector 10pk
SimpliPHI 6.6 Battery System,SimpliPHI 6.6 System
Simpliphi-3.5-24v,Simpliphi 3.5 24v battery
SolarKit,Solar Kit
TB - Blk,Terminal Block - Blk
TB - Red,Terminal Block - Red
TC10324R,ABB TC10324R 200amp Manual Transfer Switch
TIGO,Tigo Module Level Power Electronics
TIGO-KIT,Tigo Energy Solar Kits
TRINA385W,Trina 385W
TS4-A-F,Tigo MLPE TS4-A-F (484-00252-22)
TS4-A-S,Tigo TS4-A-S
VICSSMPPT10050,Victron Smart Solar 100/50
VICSSMPPT15060,Victron Smart Solar 150-60
WHOLESALE-SOLARPANELS,Wholesale Solar Panels
WIRE10AWG,10 AWG Wire
WRAPANDSTRAP,Wrap & Strap Service
eForce Cover,Fortress Power Cover for Envy Inverter
labels,Labels
s-5a2-70,s5screws
test-item-16,test-item-16a
test-item-17,test-item-17-abc123
